Workbook
Name ARf: 三面図!$D$24
Name ARw: 三面図!$D$5
Name bF: 三面図!$D$23
Name bH: 三面図!$D$12
Name bW: 三面図!$D$4
Name lF: 三面図!$D$29
Name lH: 三面図!$D$18
Name MACf: 三面図!$D$25
Name MACh: 三面図!$D$14
Name MACw: 三面図!$D$6
Name SF: 三面図!$D$22
Name SH: 三面図!$D$11
Name Sw: 三面図!$D$3
Name wtip: 三面図!$D$9
Name xcrefW: 三面図!$D$8
Name yMACw: 三面図!$D$7
Name zF: 三面図!$D$30

Sheet 三面図
B2: Wing | G2: Wing | P2: x | Q2: y | S2: x | T2: y | V2: x | W2: y | Y2: z | Z2: x | AB2: z | AC2: x | AE2: z | AF2: x
C3: Sw | D3: =2*((H4+H5)*(G5-G4)/2+(H5+H6)*(G6-G5)/2+(H6+H7)*(G7-G6)/2+(H7+H8)*(G8-G7)/2) -> 18 | E3: ㎡ | G3: y | H3: c | I3: xLE | J3: xTE | K3: c2 | L3: cy | M3: z | P3: =$G4 -> 0 | Q3: =$I4 -> -0.24 | S3: =$G12 -> 0 | T3: =$I12 -> 4.375 | V3: =$G23 -> 0 | W3: =$I23 -> 4.29 | Y3: =$M4 -> 0 | Z3: =$I4 -> -0.24 | AB3: =$M12 -> 0 | AC3: =$I12 -> 4.375 | AE3: =$M23 -> 0 | AF3: =$I23 -> 4.29
C4: bW | D4: =MAX(G4:G8)*2 -> 27 | E4: m | G4: 0 | H4: 0.8 | I4: =-H4*$D$8 -> -0.24 | J4: =+I4+H4 -> 0.56 | K4: =H4^2 -> 0.64 | L4: =H4*G4 -> 0 | M4: =(wtip/((bW/2)^2))*G4^2 -> 0 | P4: =P3 -> 0 | Q4: =$J4 -> 0.56 | S4: =S3 -> 0 | T4: =$J12 -> 4.875 | V4: =V3 -> 0 | W4: =$J23 -> 4.89 | Y4: =Y3 -> 0 | Z4: =$J4 -> 0.56 | AB4: =AB3 -> 0 | AC4: =$J12 -> 4.875 | AE4: =AE3 -> 0 | AF4: =$J23 -> 4.89
C5: ARw | D5: =bW*bW/Sw -> 40.5 | E5: - | G5: 2.5 | H5: 0.8 | I5: =-H5*$D$8 -> -0.24 | J5: =+I5+H5 -> 0.56 | K5: =H5^2 -> 0.64 | L5: =H5*G5 -> 2 | M5: =(wtip/((bW/2)^2))*G5^2 -> 0.034293553
C6: MACw | D6: =(2/Sw)*((K4+K5)*(G5-G4)/2+(K5+K6)*(G6-G5)/2+(K6+K7)*(G7-G6)/2+(K7+K8)*(G8-G7)/2) -> 0.70027778 | E6: m | G6: 7.5 | H6: 0.7 | I6: =-H6*$D$8 -> -0.21 | J6: =+I6+H6 -> 0.49 | K6: =H6^2 -> 0.49 | L6: =H6*G6 -> 5.25 | M6: =(wtip/((bW/2)^2))*G6^2 -> 0.30864198 | P6: =$G5 -> 2.5 | Q6: =$I5 -> -0.24 | S6: =$G13 -> 1.1 | T6: =$I13 -> 4.375 | V6: =$G24 -> 0 | W6: =$I24 -> 4.49 | Y6: =$M5 -> 0.034293553 | Z6: =$I5 -> -0.24 | AB6: =$M13 -> 0 | AC6: =$I13 -> 4.375 | AE6: =$M24 -> 0.8 | AF6: =$I24 -> 4.49
C7: yMACw | D7: =(2/Sw)*((L5+L4)*(G5-G4)/2+(L6+L5)*(G6-G5)/2+(L7+L6)*(G7-G6)/2+(L8+L7)*(G8-G7)/2) -> 5.85 | E7: m | G7: 12.5 | H7: 0.45 | I7: =-H7*$D$8 -> -0.135 | J7: =+I7+H7 -> 0.315 | K7: =H7^2 -> 0.2025 | L7: =H7*G7 -> 5.625 | M7: =(wtip/((bW/2)^2))*G7^2 -> 0.85733882 | P7: =P6 -> 2.5 | Q7: =$J5 -> 0.56 | S7: =S6 -> 1.1 | T7: =$J13 -> 4.875 | V7: =V6 -> 0 | W7: =$J24 -> 4.89 | Y7: =Y6 -> 0.034293553 | Z7: =$J5 -> 0.56 | AB7: =AB6 -> 0 | AC7: =$J13 -> 4.875 | AE7: =AE6 -> 0.8 | AF7: =$J24 -> 4.89
C8: (x/c)Λ | D8: 0.3 | E8: - | G8: 13.5 | H8: 0.3 | I8: =-H8*$D$8 -> -0.09 | J8: =+I8+H8 -> 0.21 | K8: =H8^2 -> 0.09 | L8: =H8*G8 -> 4.05 | M8: =(wtip/((bW/2)^2))*G8^2 -> 1
C9: wtip | D9: 1 | E9: m | P9: =$G6 -> 7.5 | Q9: =$I6 -> -0.21 | Y9: =$M6 -> 0.30864198 | Z9: =$I6 -> -0.21
B10: HTail | G10: Tail | P10: =P9 -> 7.5 | Q10: =$J6 -> 0.49 | Y10: =Y9 -> 0.30864198 | Z10: =$J6 -> 0.49
C11: SH | D11: =2*((H12+H13)*(G13-G12)/2) -> 1.1 | E11: ㎡ | G11: y | H11: c | I11: xLE | J11: xTE | K11: c2 | L11: cy | M11: z
C12: bH | D12: =MAX(G12:G17)*2 -> 2.2 | E12: m | G12: 0 | H12: =D17 -> 0.5 | I12: =-H12*$D$16+lH+MACh*(D16-0.25) -> 4.375 | J12: =+I12+H12 -> 4.875 | K12: =H12^2 -> 0.25 | L12: =H12*G12 -> 0 | M12: =(wtip/((bW/2)^2))*G12^2 -> 0 | P12: =$G7 -> 12.5 | Q12: =$I7 -> -0.135 | Y12: =$M7 -> 0.85733882 | Z12: =$I7 -> -0.135
C13: ARh | D13: =bH*bH/SH -> 4.4 | E13: - | G13: 1.1 | H13: =H12 -> 0.5 | I13: =-H13*$D$16+lH+MACh*(D16-0.25) -> 4.375 | J13: =+I13+H13 -> 4.875 | K13: =H13^2 -> 0.25 | L13: =H13*G13 -> 0.55 | M13: 0 | P13: =P12 -> 12.5 | Q13: =$J7 -> 0.315 | Y13: =Y12 -> 0.85733882 | Z13: =$J7 -> 0.315
C14: MACh | D14: =(2/SH)*((K12+K13)*(G13-G12)/2) -> 0.5 | E14: m
C15: yMACh | D15: =(2/SH)*((L13+L12)*(G13-G12)/2) -> 0.55 | E15: m | P15: =$G8 -> 13.5 | Q15: =$I8 -> -0.09 | Y15: =$M8 -> 1 | Z15: =$I8 -> -0.09
C16: (x/c)Λ | D16: 0.25 | E16: - | G16: M | H16: 100 | I16: kg | P16: =P15 -> 13.5 | Q16: =$J8 -> 0.21 | Y16: =Y15 -> 1 | Z16: =$J8 -> 0.21
C17: cH | D17: 0.5 | E17: m | G17: CL | H17: =(H16*9.8)/(0.5*1.225*H18*H18*Sw) -> 0.88888889 | I17: -
C18: lH | D18: 4.5 | E18: m | G18: V | H18: 10 | I18: m/s
C19: zH | D19: 0 | E19: m
C20: VH | D20: {=(SH*lH)/(Sw*MACw)} -> 0.39270131 | E20: -
B21: VTail | G21: Fin
C22: SF | D22: =2*((H23+H24)*(M24-M23)/2) -> 0.8 | E22: ㎡ | G22: y | H22: c | I22: xLE | J22: xTE | K22: c2 | L22: cy | M22: z
C23: bF | D23: =MAX(M23:M24)*2 -> 1.6 | E23: m | G23: 0 | H23: 0.6 | I23: =-H23*$D$27+lF+MACf*(D27-0.25) -> 4.29 | J23: =+I23+H23 -> 4.89 | K23: =H23^2 -> 0.36 | L23: =H23*M23 -> 0 | M23: =(wtip/((bW/2)^2))*G23^2 -> 0
C24: ARf | D24: =bF*bF/SF -> 3.2 | E24: - | G24: 0 | H24: 0.4 | I24: =-H24*$D$27+lF+MACf*(D27-0.25) -> 4.49 | J24: =+I24+H24 -> 4.89 | K24: =H24^2 -> 0.16 | L24: =H24*M24 -> 0.32 | M24: 0.8
C25: MACf | D25: =(2/SF)*((K23+K24)*(M24-M23)/2) -> 0.52 | E25: m
C26: yMACf | D26: =(2/SF)*((L24+L23)*(M24-M23)/2) -> 0.32 | E26: m
C27: (x/c)Λ | D27: 1 | E27: -
C28: cF | D28: 0.5 | E28: m
C29: lF | D29: 4.5 | E29: m
C30: zF | D30: 0 | E30: m
C31: VF | D31: =(SF/2*lF)/(Sw*bW) -> 0.0037037037 | E31: -

Sheet wing.xwimp
A1: Wing
A2: =三面図!G4 -> 0 | B2: =三面図!H4 -> 0.8 | C2: =三面図!I4 -> -0.24 | D2: =DEGREES(ATAN((三面図!M5-三面図!M4)/(三面図!G5-三面図!G4))) -> 0.78590105 | E2: 0 | F2: 50 | G2: 24 | H2: 1 | I2: 0 | J2: NACA_4412 | K2: NACA_4412
A3: =三面図!G5 -> 2.5 | B3: =三面図!H5 -> 0.8 | C3: =三面図!I5 -> -0.24 | D3: =DEGREES(ATAN((三面図!M6-三面図!M5)/(三面図!G6-三面図!G5))) -> 3.140652 | E3: 0 | F3: 50 | G3: 24 | H3: 1 | I3: 0 | J3: NACA_4412 | K3: NACA_4412
A4: =三面図!G6 -> 7.5 | B4: =三面図!H6 -> 0.7 | C4: =三面図!I6 -> -0.21 | D4: =DEGREES(ATAN((三面図!M7-三面図!M6)/(三面図!G7-三面図!G6))) -> 6.2625435 | E4: 0 | F4: 50 | G4: 24 | H4: 1 | I4: 0 | J4: NACA_4412 | K4: NACA_4412
A5: =三面図!G7 -> 12.5 | B5: =三面図!H7 -> 0.45 | C5: =三面図!I7 -> -0.135 | D5: =DEGREES(ATAN((三面図!M8-三面図!M7)/(三面図!G8-三面図!G7))) -> 8.1190987 | E5: 0 | F5: 50 | G5: 12 | H5: 1 | I5: 0 | J5: NACA_4412 | K5: NACA_4412
A6: =三面図!G8 -> 13.5 | B6: =三面図!H8 -> 0.3 | C6: =三面図!I8 -> -0.09 | D6: =D5 -> 8.1190987 | E6: 0 | F6: 50 | G6: 6 | H6: 1 | I6: 0 | J6: NACA_4412 | K6: NACA_4412

Sheet tail.xwimp
A1: Tail
A2: =三面図!G12 -> 0 | B2: =三面図!H12 -> 0.5 | C2: =三面図!I12 -> 4.375 | D2: =DEGREES(ATAN((三面図!M13-三面図!M12)/(三面図!G13-三面図!G12))) -> 0 | E2: 0 | F2: 50 | G2: 10 | H2: 1 | I2: 0 | J2: NACA_0012 | K2: NACA_0012
A3: =三面図!G13 -> 1.1 | B3: =三面図!H13 -> 0.5 | C3: =三面図!I13 -> 4.375 | D3: =DEGREES(ATAN((三面図!M14-三面図!M13)/(三面図!G14-三面図!G13))) -> 0 | E3: 0 | F3: 50 | G3: 10 | H3: 1 | I3: 0 | J3: NACA_0012 | K3: NACA_0012

Sheet fin.xwimp
A1: Fin
A2: =三面図!M23 -> 0 | B2: =三面図!H23 -> 0.6 | C2: =三面図!I23 -> 4.29 | D2: 0 | E2: 0 | F2: 50 | G2: 10 | H2: 1 | I2: 0 | J2: NACA_0009 | K2: NACA_0009
A3: =三面図!M24 -> 0.8 | B3: =三面図!H24 -> 0.4 | C3: =三面図!I24 -> 4.49 | D3: 0 | E3: 0 | F3: 50 | G3: 10 | H3: 1 | I3: 0 | J3: NACA_0009 | K3: NACA_0009
